cd;nameFr;nameAr;echel
"10000101";"""PROFESSEUR DE L'ENSEIGNEMENT SUPERIEUR DU GRADE """"B"""" (ANCIEN.STATUT)""";"الدرجة ب";"""PROFESSEUR DE L'ENSEIGNEMENT SUPERIEUR DU GRADE """"B"""" (ANCIEN.STATUT)"""
"10000102";"""PROFESSEUR DE L'ENSEIGNEMENT SUPERIEUR DU GRADE """"A"""" (ANCIEN.STATUT)""";"الدرجة أ";"""PROFESSEUR DE L'ENSEIGNEMENT SUPERIEUR DU GRADE """"A"""" (ANCIEN.STATUT)"""
"10000201";"MAITRE DE CONFERENCES (ANCIEN.STATUT)";"MAITRE DE CONFERENCES (ANCIEN.STATUT)";"MAITRE DE CONFERENCES (ANCIEN.STATUT)"
"10000301";"""MAITRE ASSISTANT DU GRADE """"C"""" (ANCIEN.STATUT)""";"الدرجة س";"""MAITRE ASSISTANT DU GRADE """"C"""" (ANCIEN.STATUT)"""
"10000302";"""MAITRE ASSISTANT DU GRADE """"B"""" (ANCIEN.STATUT)""";"الدرجة ب";"""MAITRE ASSISTANT DU GRADE """"B"""" (ANCIEN.STATUT)"""
"10000303";"""MAITRE ASSISTANT DU GRADE """"A"""" (ANCIEN.STATUT)""";"الدرجة أ";"""MAITRE ASSISTANT DU GRADE """"A"""" (ANCIEN.STATUT)"""
"10000401";"""ASSISTANT DU GRADE """"B"""" (ANCIEN.STATUT)""";"الدرجة ب";"""ASSISTANT DU GRADE """"B"""" (ANCIEN.STATUT)"""
"10000402";"""ASSISTANT DU GRADE """"A"""" (ANCIEN.STATUT)""";"الدرجة أ";"""ASSISTANT DU GRADE """"A"""" (ANCIEN.STATUT)"""
"10009902";"PROFESSEUR DE L' ENSEIGNEMENT SUPERIEUR.( STATUT DU 26/02/75 )(CBR)";"PROFESSEUR DE L' ENSEIGNEMENT SUPERIEUR.";"PROFESSEUR DE L' ENSEIGNEMENT SUPERIEUR.( STATUT DU 26/02/75 )(CBR)"
"10009904";"MAITRE-ASSISTANT DE L' ENSEIG SUPER. ( A.S )(CBR)";"MAITRE-ASSISTANT DE L' ENSEIG SUPER. ( A.S )(CBR)";"MAITRE-ASSISTANT DE L' ENSEIG SUPER. ( A.S )(CBR)"
"10009905";"ASSISTANT DE L' ENSEIGNEMENT SUPERIEUR.(A.S)(CBR)";"ASSISTANT DE L' ENSEIGNEMENT SUPERIEUR.(A.S)(CBR)";"ASSISTANT DE L' ENSEIGNEMENT SUPERIEUR.(A.S)(CBR)"
"10010101";"PROF DE MEDECINE DEUXIEME GRADE (CBR)";"PROF DE MEDECINE DEUXIEME GRADE (CBR)";"PROF DE MEDECINE DEUXIEME GRADE (CBR)"
"10010102";"PROF DE MEDECINE PREMIER GRADE (CBR)";"PROF DE MEDECINE PREMIER GRADE (CBR)";"PROF DE MEDECINE PREMIER GRADE (CBR)"
"10010201";"PROF AGREGE DE MEDECINE(CBR)";"PROF AGREGE DE MEDECINE(CBR)";"PROF AGREGE DE MEDECINE(CBR)"
"10010301";"MAITRE ASSISTANT 3EME GRADE (CBR)";"الدرجة 3";"MAITRE ASSISTANT 3EME GRADE (CBR)"
"10010302";"MAITRE ASSISTANT 2EME GRADE (CBR)";"الدرجة 2";"MAITRE ASSISTANT 2EME GRADE (CBR)"
"10010303";"MAITRE ASSISTANT 1ER GRADE (CBR)";"الدرجة 1";"MAITRE ASSISTANT 1ER GRADE (CBR)"
"10020101";"PROF. DE L'ENSEIG. SUPERIEUR GRADE C (NOUV.STATUT)";"الدرجة س";"PROF. DE L'ENSEIG. SUPERIEUR GRADE C (NOUV.STATUT)"
"10020102";"PROF.DE L'ENSEIG.SUPERIEUR GRADE B (NOUV.STATUT)";"الدرجة  ب";"PROF.DE L'ENSEIG.SUPERIEUR GRADE B (NOUV.STATUT)"
"10020103";"PROF.DE L'ENSEIG.SUPERIEUR GRADE A (NOUV.STATUT)";"الدرجة  ا";"PROF.DE L'ENSEIG.SUPERIEUR GRADE A (NOUV.STATUT)"
"10020201";"PROF. HABILITE GRADE C (NOUV.STATUT)";"الدرجة  س";"PROF. HABILITE GRADE C (NOUV.STATUT)"
"10020202";"PROF. HABILITE GRADE B (NOUV.STATUT)";"الدرجة  ب";"PROF. HABILITE GRADE B (NOUV.STATUT)"
"10020203";"PROF. HABILITE GRADE A (NOUV.STATUT)";"الدرجة  ا";"PROF. HABILITE GRADE A (NOUV.STATUT)"
"10020301";"PROFESSEUR ASSISTANT GRADE D (NOUV.STATUT)";"الدرجة  د";"PROFESSEUR ASSISTANT GRADE D (NOUV.STATUT)"
"10020302";"PROFESSEUR ASSISTANT GRADE C (NOUV.STATUT)";"الدرجة  س";"PROFESSEUR ASSISTANT GRADE C (NOUV.STATUT)"
"10020303";"PROFESSEUR ASSISTANT GRADE B (NOUV.STATUT)";"الدرجة  ب";"PROFESSEUR ASSISTANT GRADE B (NOUV.STATUT)"
"10020304";"PROFESSEUR ASSISTANT GRADE A (NOUV.STATUT)";"الدرجة  أ";"PROFESSEUR ASSISTANT GRADE A (NOUV.STATUT)"
"10030101";"PROFESSEUR DE L'ENSEIGNEMENT SUPERIEUR GRADE ""C"" (CBR)";"الدرجة  س";"PROFESSEUR DE L'ENSEIGNEMENT SUPERIEUR GRADE ""C"" (CBR)"
"10030102";"PROFESSEUR DE L'ENSEIGNEMENT SUPERIEUR GRADE ""B"" (CBR)";"الدرجة  ب";"PROFESSEUR DE L'ENSEIGNEMENT SUPERIEUR GRADE ""B"" (CBR)"
"10030103";"PROFESSEUR DE L'ENSEIGNEMENT SUPERIEUR GRADE ""A"" (CBR)";"الدرجة  أ";"PROFESSEUR DE L'ENSEIGNEMENT SUPERIEUR GRADE ""A"" (CBR)"
"10030201";"PROFESSEUR AGREGE DU GRADE ""C"" (CBR)";;"PROFESSEUR AGREGE DU GRADE ""C"" (CBR)"
"10030202";"PROFESSEUR AGREGE DU GRADE ""B"" (CBR)";;"PROFESSEUR AGREGE DU GRADE ""B"" (CBR)"
"10030203";"PROFESSEUR AGREGE DU GRADE ""A"" (CBR)";;"PROFESSEUR AGREGE DU GRADE ""A"" (CBR)"
"10030301";"PROFESSEUR ASSISTANT DU GRADE ""D"" (CBR)";;"PROFESSEUR ASSISTANT DU GRADE ""D"" (CBR)"
"10030302";"PROFESSEUR ASSISTANT DU GRADE ""C"" (CBR)";;"PROFESSEUR ASSISTANT DU GRADE ""C"" (CBR)"
"10030303";"PROFESSEUR ASSISTANT DU GRADE ""B"" (CBR)";;"PROFESSEUR ASSISTANT DU GRADE ""B"" (CBR)"
"10030304";"PROFESSEUR ASSISTANT DU GRADE ""A"" (CBR)";;"PROFESSEUR ASSISTANT DU GRADE ""A"" (CBR)"
"11010101";"INSPECTEUR PRINCIPAL (ANCIEN.STATUT)";"";"INSPECTEUR PRINCIPAL (ANCIEN.STATUT)"
"11010201";"INSPECTEUR DE L'ENSEIGNEMENT SECONDAIRE (ANCIEN.STATUT)";"";"INSPECTEUR DE L'ENSEIGNEMENT SECONDAIRE (ANCIEN.STATUT)"
"11010301";"INSPECTEUR ADJOINT DE L'ENSEIGNEMENT DU 1ER DEGRE (ANCIEN.STATUT)";"";"INSPECTEUR ADJOINT DE L'ENSEIGNEMENT DU 1ER DEGRE (ANCIEN.STATUT)"
"11010401";"INSPECTEUR EN CHEF DE L'ENSEIGNEMENT PRIMAIRE (ANCIEN.STATUT)";"";"INSPECTEUR EN CHEF DE L'ENSEIGNEMENT PRIMAIRE (ANCIEN.STATUT)"
"11010402";"INSPECTEUR DE L'ENSEIGNEMENT PRIMAIRE (ANCIEN.STATUT)";"";"INSPECTEUR DE L'ENSEIGNEMENT PRIMAIRE (ANCIEN.STATUT)"
"11010499";"INSPECTEUR DU PRIMAIR LICENCIE";;"INSPECTEUR DU PRIMAIR LICENCIE"
"11020101";"PROFESSEUR DU SECOND CYCLE DU GRADE PRINCIPAL (ANCIEN.STATUT)";"";"PROFESSEUR DU SECOND CYCLE DU GRADE PRINCIPAL (ANCIEN.STATUT)"
"11020102";"PROFESSEUR DU SECOND CYCLE DU 1ER GRADE (ANCIEN.STATUT)";"";"PROFESSEUR DU SECOND CYCLE DU 1ER GRADE (ANCIEN.STATUT)"
"11020103";"PROFESSUR DU SECOND CYCLE DU 2EME GRADE (ANCIEN.STATUT)";"";"PROFESSUR DU SECOND CYCLE DU 2EME GRADE (ANCIEN.STATUT)"
"11020198";"PROFESSEUR AGREGE DU 2ME CYCLE ( A.S )";;"PROFESSEUR AGREGE DU 2ME CYCLE ( A.S )"
"11020201";"PROFESSEUR DU PREMIER CYCLE DE 1ER GRADE (ANCIEN.STATUT)";"";"PROFESSEUR DU PREMIER CYCLE DE 1ER GRADE (ANCIEN.STATUT)"
"11020202";"PROFESSEUR DU PREMIER CYCLE DU 2EME GRADE (ANCIEN.STATUT)";"";"PROFESSEUR DU PREMIER CYCLE DU 2EME GRADE (ANCIEN.STATUT)"
"11020203";"PROFESSEUR DU PREMIER CYCLE DU 3EME GRADE (ANCIEN.STATUT)";"";"PROFESSEUR DU PREMIER CYCLE DU 3EME GRADE (ANCIEN.STATUT)"
"11020301";"INSTITUTEUR DU 1ER GRADE (ANCIEN.STATUT)";"";"INSTITUTEUR DU 1ER GRADE (ANCIEN.STATUT)"
"11020302";"INSTITUTEUR DU 2EME GRADE (ANCIEN.STATUT)";"";"INSTITUTEUR DU 2EME GRADE (ANCIEN.STATUT)"
"11020303";"INSTITUTEUR DU 3EME GRADE (ANCIEN.STATUT)";"";"INSTITUTEUR DU 3EME GRADE (ANCIEN.STATUT)"
"11020304";"INSTITUTEUR DU 4EME GRADE (ANCIEN.STATUT)";"";"INSTITUTEUR DU 4EME GRADE (ANCIEN.STATUT)"
"11020305";"Grade3";;"Grade3"
"11020401";"CONSEILLER DU PREMIER DEGRE (ANCIEN.STATUT)";"";"CONSEILLER DU PREMIER DEGRE (ANCIEN.STATUT)"
"11020402";"MONITEUR (ANCIEN.STATUT)";"";"MONITEUR (ANCIEN.STATUT)"
"11030101";"INSPECTEUR PRINCIPAL DES SERVICES ECONOMIQUES (ANCIEN.STATUT)";"";"INSPECTEUR PRINCIPAL DES SERVICES ECONOMIQUES (ANCIEN.STATUT)"
"11030102";"INSPECTEUR DES SERVICES ECONOMIQUES (ANCIEN.STATUT)";"";"INSPECTEUR DES SERVICES ECONOMIQUES (ANCIEN.STATUT)"
"11030201";"INTENDANT (ANCIEN.STATUT)";"";"INTENDANT (ANCIEN.STATUT)"
"11030301";"ECONOME PRINCIPAL (ANCIEN.STATUT)";"";"ECONOME PRINCIPAL (ANCIEN.STATUT)"
"11030302";"ECONOME (ANCIEN.STATUT)";"";"ECONOME (ANCIEN.STATUT)"
"11030401";"ADJOINT DES SERVICES ECONOMIQUES (ANCIEN.STATUT)";"";"ADJOINT DES SERVICES ECONOMIQUES (ANCIEN.STATUT)"
"11030501";"SECRETAIRE D'ECONOMAT PRINCIPAL (ANCIEN.STATUT)";"";"SECRETAIRE D'ECONOMAT PRINCIPAL (ANCIEN.STATUT)"
"11030502";"SECRETAIRE D'ECONOMAT (ANCIEN.STATUT)";"";"SECRETAIRE D'ECONOMAT (ANCIEN.STATUT)"
"11030599";"SECRETAIRE D' ECONOMAT PRINCIPAL -ECHELLE 7-";;"SECRETAIRE D' ECONOMAT PRINCIPAL -ECHELLE 7-"
"11040101";"INSPECTEUR PRINCIPAL EN ORIENTATION OU EN PLANIFICATION DE L'EDUCATION (ANCIEN.STATUT)";"";"INSPECTEUR PRINCIPAL EN ORIENTATION OU EN PLANIFICATION DE L'EDUCATION (ANCIEN.STATUT)"
"11040102";"INSPECTEUR EN ORIENTATION OU EN PLANIFICATION DE L'EDUCATION (ANCIEN.STATUT)";"";"INSPECTEUR EN ORIENTATION OU EN PLANIFICATION DE L'EDUCATION (ANCIEN.STATUT)"
"11040201";"CONSEILLER EN ORIENTATION OU EN PLANIFICATION DE L'EDUCATION (ANCIEN.STATUT)";"";"CONSEILLER EN ORIENTATION OU EN PLANIFICATION DE L'EDUCATION (ANCIEN.STATUT)"
"11040298";"CONSEILLER EN ORIENTATION SCOLAIRE";;"CONSEILLER EN ORIENTATION SCOLAIRE"
"11040301";"ADJOINT SPECIALISE EN ORIENTATION ET PLANIFICATION DE L'EDUCATION (ANCIEN.STATUT)";"";"ADJOINT SPECIALISE EN ORIENTATION ET PLANIFICATION DE L'EDUCATION (ANCIEN.STATUT)"
"11040302";"ADJIONT EN ORIENTATION ET PLANIFICATION DE L'EDUCATION (ANCIEN.STATUT)";"";"ADJIONT EN ORIENTATION ET PLANIFICATION DE L'EDUCATION (ANCIEN.STATUT)"
"11050101";"CNSERVATEUR PRINCIPAL DES BIBLIOTHEQUES ET ARCHIVES (ANCIEN.STATUT)";"";"CNSERVATEUR PRINCIPAL DES BIBLIOTHEQUES ET ARCHIVES (ANCIEN.STATUT)"
"11050102";"CONSERVATEUR DES BIBLIOTHEQUES ET ARCHIVES (ANCIEN.STATUT)";"";"CONSERVATEUR DES BIBLIOTHEQUES ET ARCHIVES (ANCIEN.STATUT)"
"11050201";"CONSERVATEUR ADJOINT DES BIBLIOTHEQUES ET ARCHIVES (ANCIEN.STATUT)";"";"CONSERVATEUR ADJOINT DES BIBLIOTHEQUES ET ARCHIVES (ANCIEN.STATUT)"
"11050301";"DOCUMENTALISTE PRINCIPAL (ANCIEN.STATUT)";"";"DOCUMENTALISTE PRINCIPAL (ANCIEN.STATUT)"
"11050302";"DOCUMENTALISTE (ANCIEN.STATUT)";"";"DOCUMENTALISTE (ANCIEN.STATUT)"
"11050303";"DOCUMENTALISTE ADJOINT (ANCIEN.STATUT)";"";"DOCUMENTALISTE ADJOINT (ANCIEN.STATUT)"
"11059901";"BIBLIOTHECAIRE- ARCHIVISTE";;"BIBLIOTHECAIRE- ARCHIVISTE"
"11059902";"SECRETAIRE DOCUMENTALISTE";;"SECRETAIRE DOCUMENTALISTE"
"11059903";"SECRETAIRE DOCUMENTALISTE PRINCIPAL";;"SECRETAIRE DOCUMENTALISTE PRINCIPAL"
"11059904";"SECRETAIRE DOCUMENTALISTE PRINCIPAL -ECHELLE 7";;"SECRETAIRE DOCUMENTALISTE PRINCIPAL -ECHELLE 7"
"11060101";"SURVEILLANT DU 1ER GRADE (ANCIEN.STATUT)";"";"SURVEILLANT DU 1ER GRADE (ANCIEN.STATUT)"
"11060102";"SURVEILLANT DU 2EME GRADE (ANCIEN.STATUT)";"";"SURVEILLANT DU 2EME GRADE (ANCIEN.STATUT)"
"11060103";"SURVEILLANT DU 3EME GRADE (ANCIEN.STATUT)";"";"SURVEILLANT DU 3EME GRADE (ANCIEN.STATUT)"
"11060104";"SURVEILLANT DU 4EME GRADE (ANCIEN.STATUT)";"";"SURVEILLANT DU 4EME GRADE (ANCIEN.STATUT)"
"11070101";"PREPARATEUR DU 1ERE GRADE (ANCIEN.STATUT)";"";"PREPARATEUR DU 1ERE GRADE (ANCIEN.STATUT)"
"11070102";"PREPARATEUR DU 2EME GRADE (ANCIEN.STATUT)";"";"PREPARATEUR DU 2EME GRADE (ANCIEN.STATUT)"
"11070103";"PREPARATEUR DU 3EME GRADE (ANCIEN.STATUT)";"";"PREPARATEUR DU 3EME GRADE (ANCIEN.STATUT)"
"11070104";"PREPARATEUR DU 4EME GRADE (ANCIEN.STATUT)";"";"PREPARATEUR DU 4EME GRADE (ANCIEN.STATUT)"
"11080101";"INSPECTEUR PEDAGOGIQUE DE L'ENSEIG.PRIMAIRE GRADE PRINCIPAL (NOUV.STATUT)";"";"INSPECTEUR PEDAGOGIQUE DE L'ENSEIG.PRIMAIRE GRADE PRINCIPAL (NOUV.STATUT)"
"11080102";"INSPECTEUR PEDAGOGIQUE DE L'ENSEIG.PRIMAIRE 1ER GRADE (NOUV.STATUT)";"";"INSPECTEUR PEDAGOGIQUE DE L'ENSEIG.PRIMAIRE 1ER GRADE (NOUV.STATUT)"
"11080201";"INSPECTEUR PEDAGOGIQUE DE L'ENSEIG.SECONDAIRE COLLEGIAL GRADE PRINCIPAL (NOUV.STATUT)";"";"INSPECTEUR PEDAGOGIQUE DE L'ENSEIG.SECONDAIRE COLLEGIAL GRADE PRINCIPAL (NOUV.STATUT)"
"11080202";"INSPECTEUR PEDAGOGIQUE DE L'ENSEIG.SECONDAIRE COLLEGIAL 1ER GRADE (NOUV.STATUT)";"";"INSPECTEUR PEDAGOGIQUE DE L'ENSEIG.SECONDAIRE COLLEGIAL 1ER GRADE (NOUV.STATUT)"
"11080301";"INSPECTEUR PEDAGOGIQUE DE L'ENSEIG.SECONDAIRE QUALIFIANT GRADE PRINCIPAL (NOUV.STATUT)";"";"INSPECTEUR PEDAGOGIQUE DE L'ENSEIG.SECONDAIRE QUALIFIANT GRADE PRINCIPAL (NOUV.STATUT)"
"11080302";"INSPECTEUR PEDAGOGIQUE DE L'ENSEIG.SECONDAIRE QUALIFIANT 1ER GRADE (NOUV.STATUT)";"";"INSPECTEUR PEDAGOGIQUE DE L'ENSEIG.SECONDAIRE QUALIFIANT 1ER GRADE (NOUV.STATUT)"
"11090101";"PROFESSEUR DE L'ENSEIG.PRIMAIRE 1ER GRADE (NOUV.STATUT)";"";"PROFESSEUR DE L'ENSEIG.PRIMAIRE 1ER GRADE (NOUV.STATUT)"
"11090102";"PROFESSEUR DE LENSEIG.PRIMAIRE 2EME GRADE (NOUV.STATUT)";"";"PROFESSEUR DE LENSEIG.PRIMAIRE 2EME GRADE (NOUV.STATUT)"
"11090103";"PROFESSEUR DE L'ENSEIG.PRIMAIRE 3EME GRADE (NOUV.STATUT)";"";"PROFESSEUR DE L'ENSEIG.PRIMAIRE 3EME GRADE (NOUV.STATUT)"
"11090201";"PROFESSEUR DE L'ENSEIG.SECONDAIRE COLLEGIAL 1ER GRADE (NOUV.STATUT)";"";"PROFESSEUR DE L'ENSEIG.SECONDAIRE COLLEGIAL 1ER GRADE (NOUV.STATUT)"
"11090202";"PROFESSEUR DE L'ENSEIG.SECONDAIRE COLLEGIAL 2EME GRADE (NOUV.STATUT)";"";"PROFESSEUR DE L'ENSEIG.SECONDAIRE COLLEGIAL 2EME GRADE (NOUV.STATUT)"
"11090203";"PROFESSEUR DE L'ENSEIG.SECONDAIRE COLLEGIAL 3EME GRADE (NOUV.STATUT)";"";"PROFESSEUR DE L'ENSEIG.SECONDAIRE COLLEGIAL 3EME GRADE (NOUV.STATUT)"
"11090301";"PROFESSEUR DE L'ENSEIG.SECONDAIRE QUALIF.GRADE PRINCIPAL (NOUV.STATUT)";"";"PROFESSEUR DE L'ENSEIG.SECONDAIRE QUALIF.GRADE PRINCIPAL (NOUV.STATUT)"
"11090302";"PROFESSEUR DE L'ENSEIG.SECONDAIRE QUALIF.1ER GRADE (NOUV.STATUT)";"";"PROFESSEUR DE L'ENSEIG.SECONDAIRE QUALIF.1ER GRADE (NOUV.STATUT)"
"11090303";"PROFESSEUR DE L'ENSEIG.SECONDAIRE QUALIF.2EME GRADE (NOUV.STATUT)";"";"PROFESSEUR DE L'ENSEIG.SECONDAIRE QUALIF.2EME GRADE (NOUV.STATUT)"
"11090401";"PROFESSEUR AGREGE DE L'ENSEIG.SECONDAIRE QUALIF.GRADE PRINCIPAL (NOUV.STATUT)";"";"PROFESSEUR AGREGE DE L'ENSEIG.SECONDAIRE QUALIF.GRADE PRINCIPAL (NOUV.STATUT)"
"11090402";"PROFESSEUR AGREGE DE L'ENSEIG.SECONDAIRE QUALIF.1ER GRADE (NOUV.STATUT)";"";"PROFESSEUR AGREGE DE L'ENSEIG.SECONDAIRE QUALIF.1ER GRADE (NOUV.STATUT)"
"11100101";"INTENDANT GRADE PRINCIPAL (NOUV.STATUT)";"";"INTENDANT GRADE PRINCIPAL (NOUV.STATUT)"
"11100102";"INTENDANT 1ER GRADE (NOUV.STATUT)";"";"INTENDANT 1ER GRADE (NOUV.STATUT)"
"11100103";"INTENDANT 2EME GRADE (NOUV.STATUT)";"";"INTENDANT 2EME GRADE (NOUV.STATUT)"
"11100201";"INSPECTEUR DES SERVICES MATERIELS ET FINANCIERS GRADE PRINCIPAL (NOUV.STATUT)";"";"INSPECTEUR DES SERVICES MATERIELS ET FINANCIERS GRADE PRINCIPAL (NOUV.STATUT)"
"11100202";"INSPECTEUR DES SERVICES MATERIELS ET FINANCIERS 1ER GRADE (NOUV.STATUT)";"";"INSPECTEUR DES SERVICES MATERIELS ET FINANCIERS 1ER GRADE (NOUV.STATUT)"
"11110101";"CONSEILLERS EN ORIENTATION DE L'EDUCATION GRADE PRINCIPAL (NOUV.STATUT)";"";"CONSEILLERS EN ORIENTATION DE L'EDUCATION GRADE PRINCIPAL (NOUV.STATUT)"
"11110102";"CONSEILLERS EN ORIENTATION DE L'EDUCATION 1ER GRADE (NOUV.STATUT)";"";"CONSEILLERS EN ORIENTATION DE L'EDUCATION 1ER GRADE (NOUV.STATUT)"
"11110103";"CONSEILLERS EN ORIENTATION DE L'EDUCATION 2EME GRADE (NOUV.STATUT)";"";"CONSEILLERS EN ORIENTATION DE L'EDUCATION 2EME GRADE (NOUV.STATUT)"
"11110201";"INSPECTEUR EN ORIENTATION DE L'EDUCATION GRADE PRINCIPAL (NOUV.STATUT)";"";"INSPECTEUR EN ORIENTATION DE L'EDUCATION GRADE PRINCIPAL (NOUV.STATUT)"
"11110202";"INSPECTEUR EN ORIENTATION DE L'EDUCATION 1ER GRADE (NOUV.STATUT)";"";"INSPECTEUR EN ORIENTATION DE L'EDUCATION 1ER GRADE (NOUV.STATUT)"
"11110301";"CONSEILLERS EN PLANIFICATION DE L'EDUCATION GRADE PRINCIPAL (NOUV.STATUT)";"";"CONSEILLERS EN PLANIFICATION DE L'EDUCATION GRADE PRINCIPAL (NOUV.STATUT)"
"11110302";"CONSEILLERS EN PLANIFICATION DE L'EDUCATION 1ER GRADE (NOUV.STATUT)";"";"CONSEILLERS EN PLANIFICATION DE L'EDUCATION 1ER GRADE (NOUV.STATUT)"
"11110303";"CONSEILLERS EN PLANIFICATION DE L'EDUCATION 2EME GRADE (NOUV.STATUT)";"";"CONSEILLERS EN PLANIFICATION DE L'EDUCATION 2EME GRADE (NOUV.STATUT)"
"11110401";"INSPECTEUR EN PLANIFICATION DE L'EDUCATION GRADE PRINCIPAL (NOUV.STATUT)";"";"INSPECTEUR EN PLANIFICATION DE L'EDUCATION GRADE PRINCIPAL (NOUV.STATUT)"
"11110402";"INSPECTEUR EN PLANIFICATION DE L'EDUCATION 1ER GRADE (NOUV.STATUT)";"";"INSPECTEUR EN PLANIFICATION DE L'EDUCATION 1ER GRADE (NOUV.STATUT)"
"11120101";"ATTACHE PEDAGOGIQUE 1ER GRADE (NOUV.STATUT)";"الدرجة 1";"ATTACHE PEDAGOGIQUE 1ER GRADE (NOUV.STATUT)"
"11120102";"ATTACHE PEDAGOGIQUE 2EME GRADE (NOUV.STATUT)";"الدرجة 2";"ATTACHE PEDAGOGIQUE 2EME GRADE (NOUV.STATUT)"
"11120103";"ATTACHE PEDAGOGIQUE 3EME GRADE (NOUV.STATUT)";"الدرجة 3";"ATTACHE PEDAGOGIQUE 3EME GRADE (NOUV.STATUT)"
"11120201";"ATTACHE D'ECONOMIE ET D'ADMINISTRATION 1ER GRADE (NOUV.STATUT)";"الدرجة 1";"ATTACHE D'ECONOMIE ET D'ADMINISTRATION 1ER GRADE (NOUV.STATUT)"
"11120202";"ATTACHE D'ECONOMIE ET D'ADMINISTRATION 2EME GRADE (NOUV.STATUT)";"الدرجة 2";"ATTACHE D'ECONOMIE ET D'ADMINISTRATION 2EME GRADE (NOUV.STATUT)"
"11120203";"ATTACHE D'ECONOMIE ET D'ADMINISTRATION 3EME GRADE (NOUV.STATUT)";"الدرجة 3";"ATTACHE D'ECONOMIE ET D'ADMINISTRATION 3EME GRADE (NOUV.STATUT)"
"11120301";"ATTACHE SOCIAL 1ER GRADE (NOUV.STATUT)";"الدرجة 1";"ATTACHE SOCIAL 1ER GRADE (NOUV.STATUT)"
"11120302";"ATTACHE SOCIAL 2EME GRADE (NOUV.STATUT)";"الدرجة 2";"ATTACHE SOCIAL 2EME GRADE (NOUV.STATUT)"
"11120303";"ATTACHE SOCIAL 3EME GRADE (NOUV.STATUT)";"الدرجة 3";"ATTACHE SOCIAL 3EME GRADE (NOUV.STATUT)"
"11120401";"ADMINISTRATEUR PEDAGOGIQUE GRADE PRINCIPAL";"الدرجة  الممتازة";"ADMINISTRATEUR PEDAGOGIQUE GRADE PRINCIPAL"
"11120402";"ADMINISTRATEUR PEDAGOGIQUE 1 ER GRADE";"الدرجة  1";"ADMINISTRATEUR PEDAGOGIQUE 1 ER GRADE"
"11120403";"ADMINISTRATEUR PEDAGOGIQUE 2 EME GRADE";"الدرجة 2";"ADMINISTRATEUR PEDAGOGIQUE 2 EME GRADE"
"13030102";"Corps de l'inspection generale des Finances";;"Corps de l'inspection generale des Finances"
"13030103";"Corps de l'inspection generale des Finances";;"Corps de l'inspection generale des Finances"
"98000101";"ADMINISTRATEUR PRINCIPAL";"الدرجة  الممتازة";"ADMINISTRATEUR PRINCIPAL"
"98000102";"ADMINISTRATEUR";"الدرجة  متصرف";"ADMINISTRATEUR"
"98000201";"ADMINISTRATEUR ADJOINT";"الدرجة  متصرف مساعد";"ADMINISTRATEUR ADJOINT"
"98000301";"REDACTEUR PRINCIPAL";"";"REDACTEUR PRINCIPAL"
"98000302";"REDACTEUR";"";"REDACTEUR"
"98000401";"SECRETAIRE PRINCIPAL";"";"SECRETAIRE PRINCIPAL"
"98000402";"SECRETAIRE";"";"SECRETAIRE"
"98000499";"SECRETAIRE  PRINCIPAL- ECHELLE  7";;"SECRETAIRE  PRINCIPAL- ECHELLE  7"
"98000501";"AGENT D'EXECUTION PRINCIPAL";"";"AGENT D'EXECUTION PRINCIPAL"
"98000502";"AGENT D'EXECUTION";"";"AGENT D'EXECUTION"
"98000601";"AGENT DE SERVICE PRINCIPAL";"";"AGENT DE SERVICE PRINCIPAL"
"98000602";"AGENT DE SERVICE";"";"AGENT DE SERVICE"
"98010101";"AGENT PUBLIC HORS CATEGORIE";"";"AGENT PUBLIC HORS CATEGORIE"
"98010102";"AGENT PUBLIC DE 1ERE CATEGORIE";"";"AGENT PUBLIC DE 1ERE CATEGORIE"
"98010103";"AGENT PUBLIC DE 2EME CATEGORIE";"";"AGENT PUBLIC DE 2EME CATEGORIE"
"98010104";"AGENT PUBLIC DE 3EME CATEGORIE";"";"AGENT PUBLIC DE 3EME CATEGORIE"
"98010105";"AGENT PUBLIC DE 4EME CATEGORIE";"";"AGENT PUBLIC DE 4EME CATEGORIE"
"98010106";"AGENT PUBLIC HORS CATEGORIE PRINCIPAL";"";"AGENT PUBLIC HORS CATEGORIE PRINCIPAL"
"98020101";"CHEF D'ATELIER";"";"CHEF D'ATELIER"
"98020102";"CHEF D'ATELIER PRINCIPAL";;"CHEF D'ATELIER PRINCIPAL"
"98020201";"CONTREMAITRE";"";"CONTREMAITRE"
"98020202";"AGENT DE MAITRISE";"";"AGENT DE MAITRISE"
"98020301";"AGENT SPECIALISE";"";"AGENT SPECIALISE"
"98020401";"AIDE IMPRIMEUR";"";"AIDE IMPRIMEUR"
"98020501";"AGENT DE MANUTENTION";"";"AGENT DE MANUTENTION"
"98029901";"CHEF D ATELIER- ECHELLE 8 -IMPRIMERIE-";;"CHEF D ATELIER- ECHELLE 8 -IMPRIMERIE-"
"98029902";"AGENT PRINCIPAL DE MAITRISE-ECHELLE 7 -IMPRIMERIE";;"AGENT PRINCIPAL DE MAITRISE-ECHELLE 7 -IMPRIMERIE"
"98029903";"AGENT DE MAITRISE-ECHELLE 6 -IMPRIMERIE";;"AGENT DE MAITRISE-ECHELLE 6 -IMPRIMERIE"
"98029904";"AGENT SPECIALISE -ECHELLE E 5 -IMPRIMERIE";;"AGENT SPECIALISE -ECHELLE E 5 -IMPRIMERIE"
"99009901";"CARTOGRAPHE PRINCIPAL";;"CARTOGRAPHE PRINCIPAL"
"99010101";"EMPLOI SUPERIEUR D'INGENIEUR GENERAL";"";"EMPLOI SUPERIEUR D'INGENIEUR GENERAL"
"99010199";"INGENIEUR GENERAL AS";;"INGENIEUR GENERAL AS"
"99010201";"INGENIEUR EN CHEF";"";"INGENIEUR EN CHEF"
"99010301";"INGENIEUR D'ETAT GRADE PRINCIPAL";"";"INGENIEUR D'ETAT GRADE PRINCIPAL"
"99010302";"INGENIEUR D'ETAT 1ER GRADE";"";"INGENIEUR D'ETAT 1ER GRADE"
"99010399";"INGENIEUR D ETAT - ECHELLE 11";;"INGENIEUR D ETAT - ECHELLE 11"
"99010401";"INGENIEUR D'APPLICATION GRADE PRINCIPAL";"";"INGENIEUR D'APPLICATION GRADE PRINCIPAL"
"99010402";"INGENIEUR D'APPLICATION 1ER GRADE";"";"INGENIEUR D'APPLICATION 1ER GRADE"
"99010499";"INGENIEUR D APPLICATION - ECHELLE 10";;"INGENIEUR D APPLICATION - ECHELLE 10"
"99010501";"EMPLOI SUPERIEUR D'ARCHITECTE GENERAL";"";"EMPLOI SUPERIEUR D'ARCHITECTE GENERAL"
"99010601";"ARCHITECTE EN CHEF";"";"ARCHITECTE EN CHEF"
"99010701";"ARCHITECTE GRADE PRINCIPAL";"";"ARCHITECTE GRADE PRINCIPAL"
"99010702";"ARCHITECTE PREMIER GRADE";"";"ARCHITECTE PREMIER GRADE"
"99010799";"ARCHITECTE - ECHELLE 11";;"ARCHITECTE - ECHELLE 11"
"99020101";"EMPLOI SUPERIEUR D'ANALYSTE CONCEPTEUR GENERAL";"";"EMPLOI SUPERIEUR D'ANALYSTE CONCEPTEUR GENERAL"
"99020102";"ANALYSTE CONCEPTEUR PRINCIPAL";"";"ANALYSTE CONCEPTEUR PRINCIPAL"
"99020103";"ANALYSTE CONCEPTEUR";"";"ANALYSTE CONCEPTEUR"
"99020201";"ANALYSTE";"";"ANALYSTE"
"99020301";"PROGRAMMEUR PRINCIPAL";"";"PROGRAMMEUR PRINCIPAL"
"99020302";"PROGRAMMEUR";"";"PROGRAMMEUR"
"99020303";"PROGRAMMEUR ANALYSTE";"";"PROGRAMMEUR ANALYSTE"
"99020401";"MONITEUR";"";"MONITEUR"
"99020501";"OPERATEUR PRINCIPAL";"";"OPERATEUR PRINCIPAL"
"99020502";"OPERATEUR";"";"OPERATEUR"
"99030101";"INFORMATISTE PRINCIPAL";"";"INFORMATISTE PRINCIPAL"
"99030102";"INFORMATISTE SPECIALISE";"";"INFORMATISTE SPECIALISE"
"99030103";"INFORMATISTE";"";"INFORMATISTE"
"99040001";"TECHNICIEN PRINCIPAL";"";"TECHNICIEN PRINCIPAL"
"99040002";"Grade2";;"Grade2"
"99040003";"Grade1";;"Grade1"
"99040004";"ADJOINT TECHNIQUE SPECIALISE (EN VOIE D'EXTINCTION)";"";"ADJOINT TECHNIQUE SPECIALISE (EN VOIE D'EXTINCTION)"
"99040005";"ADJOINT TECHNIQUE (EN VOIE D'EXTINCTION)";"";"ADJOINT TECHNIQUE (EN VOIE D'EXTINCTION)"
"99040006";"TECHNICIEN DE 1ER GRADE";"";"TECHNICIEN DE 1ER GRADE"
"99040007";"TECHNICIEN DE 2EME GRADE";"";"TECHNICIEN DE 2EME GRADE"
"99040008";"TECHNICIEN DE 3EME GRADE";"";"TECHNICIEN DE 3EME GRADE"
"99040009";"TECHNICIEN DE 4EME GRADE";"";"TECHNICIEN DE 4EME GRADE"
"99050101";"PROFESSEUR DES ETABLISSEMENTS DE FORMATION DES CADRES DU GRADE B";"";"PROFESSEUR DES ETABLISSEMENTS DE FORMATION DES CADRES DU GRADE B"
"99050102";"PROFESSEUR DES ETABLISSEMENTS DE FORMATION DES CADRES DU GRADE A";"";"PROFESSEUR DES ETABLISSEMENTS DE FORMATION DES CADRES DU GRADE A"
"99050199";"PROFESSEUR DES E.F.C -( ST DU 01/10/75 )";;"PROFESSEUR DES E.F.C -( ST DU 01/10/75 )"
"99050201";"MAITRE DE CONFERENCE DES ETABLISSEMENTS DE FORMATION DES CADRES";"";"MAITRE DE CONFERENCE DES ETABLISSEMENTS DE FORMATION DES CADRES"
"99050299";"MAITRE DE CONFERENCE DES E.F.C. (A.S )";;"MAITRE DE CONFERENCE DES E.F.C. (A.S )"
"99050301";"MAITRE ASSISTANT DES ETABLISSEMENTS DE FORMATION DES CADRES DU GRADE C";"";"MAITRE ASSISTANT DES ETABLISSEMENTS DE FORMATION DES CADRES DU GRADE C"
"99050302";"MAITRE ASSISTANT DES ETABLISSEMENTS DE FORMATION DES CADRES DU GRADE B";"";"MAITRE ASSISTANT DES ETABLISSEMENTS DE FORMATION DES CADRES DU GRADE B"
"99050303";"MAITRE ASSISTANT DES ETABLISSEMENTS DE FORMATION DES CADRES DU GRADE A";"";"MAITRE ASSISTANT DES ETABLISSEMENTS DE FORMATION DES CADRES DU GRADE A"
"99050399";"MAITRE-ASSISTANT DES E.F.C. - ECHELLE 11";;"MAITRE-ASSISTANT DES E.F.C. - ECHELLE 11"
"99050401";"ASSISTANT DES ETABLISSEMENTS DE FORMATION DES CADRES DU GRADE B";"";"ASSISTANT DES ETABLISSEMENTS DE FORMATION DES CADRES DU GRADE B"
"99050402";"ASSISTANT DES ETABLISSEMENTS DE FORMATION DES CADRES A";"";"ASSISTANT DES ETABLISSEMENTS DE FORMATION DES CADRES A"
"99050499";"ASSISTANT DES E.F.C.- ECHELLE 10";;"ASSISTANT DES E.F.C.- ECHELLE 10"
"99060101";"DIRECTEUR DE CABINET";"";"DIRECTEUR DE CABINET"
"99060102";"CHEF DE CABINET";"";"CHEF DE CABINET"
"99060103";"CONSEILLER TECHNIQUE";"";"CONSEILLER TECHNIQUE"
"99060104";"ATTACHE DE CABINET";"";"ATTACHE DE CABINET"
"99060105";"CHARGE DE MISSION";"";"CHARGE DE MISSION"
"99060106";"CHEF DE SECRETARIAT PARTICULIER";"";"CHEF DE SECRETARIAT PARTICULIER"
"99060107";"CONSEILLER JURIDIQUE";"";"CONSEILLER JURIDIQUE"
"99060108";"CONSEILLER AUX AFFAIRES PARLEMENTAIRES";"";"CONSEILLER AUX AFFAIRES PARLEMENTAIRES"
"99060109";"CONSEILLER A LA COMMUNICATION";"";"CONSEILLER A LA COMMUNICATION"
"99060110";"ATTACHE DE PRESSE";"";"ATTACHE DE PRESSE"
"99060201";"SECRETAIRE PRINCIPAL";"";"SECRETAIRE PRINCIPAL"
"99060202";"SECRETAIRE";"";"SECRETAIRE"
"99060203";"AGENT D'EXECUTION";"";"AGENT D'EXECUTION"
"99060204";"AGENT PUBLIC DE 3EME CATEGORIE";"";"AGENT PUBLIC DE 3EME CATEGORIE"
"99060205";"AGENT DE SERVICE";"";"AGENT DE SERVICE"
"99060301";"AGENT PUBLIC DE 1ER CATEGORIE";"";"AGENT PUBLIC DE 1ER CATEGORIE"
"99060302";"AGENT PUBLIC DE 2EME CATEGORIE";"";"AGENT PUBLIC DE 2EME CATEGORIE"
"99060303";"AGENT PUBLIC DE 4EME CATEGORIE";"";"AGENT PUBLIC DE 4EME CATEGORIE"
"99070101";"CIVILISTE (ECHELLE 11)";"";"CIVILISTE (ECHELLE 11)"
"99070102";"CIVILISTE (ECHELLE 10)";"كاتب ممتاز";"CIVILISTE (ECHELLE 10)"
"99070103";"CIVILISTE (ECHELLE 8)";"عون التنفيذ";"CIVILISTE (ECHELLE 8)"
"99070201";"AGENTS CONTRAT";"عون خدمة";"AGENTS CONTRAT"
"99070299";"GRADE AVANT 01/04/1967";;"GRADE AVANT 01/04/1967"
"99080101";"AGENT PERMANENT";"مساعد تقني الصنف الاول";"AGENT PERMANENT"
"99080102";"AGENT PERMANENT PERSONNEL TECHNIQUE ET DE MAITRISE";"مساعد تقني الصنف  الثالث";"AGENT PERMANENT PERSONNEL TECHNIQUE ET DE MAITRISE"
"99080103";"PERSONNEL OUVRIER PERMANENT";"مساعد تقني خارج الصنف ممتاز";"PERSONNEL OUVRIER PERMANENT"
"99090101";"INSPECTEUR DE PREMIER GRADE";"مساعد مطباعي";"INSPECTEUR DE PREMIER GRADE"
"99090102";"INSPECTEUR DE DEUXIEME GRADE";"خليفة الدرجة الأولى";"INSPECTEUR DE DEUXIEME GRADE"
"99090103";"INSPECTEUR DE TROISIEME GRADE";"مهندس رئيسي";"INSPECTEUR DE TROISIEME GRADE"
"99090201";"CONSEILLER EN ORIENTATION ET EN PLANIFICATION PROFESSIONNELLE";"مهندس الدولة  الدرجة الممتازة";"CONSEILLER EN ORIENTATION ET EN PLANIFICATION PROFESSIONNELLE"
"99090301";"PROFESSEUR DU PREMIER GRADE";"مهندس التطبيق الدرجة الاولى";"PROFESSEUR DU PREMIER GRADE"
"99090302";"PROFESSEUR DU DEUXIEME GRADE";"مهندس معماري رئيسي";"PROFESSEUR DU DEUXIEME GRADE"
"99090303";"PROFESSEUR DU TROISIEME GRADE";"مهندس معماري الدرجة الاولى";"PROFESSEUR DU TROISIEME GRADE"
"99090401";"CHEF DE TRAVAUX DE PREMIER GRADE";"محلل منظم رئيسي";"CHEF DE TRAVAUX DE PREMIER GRADE"
"99090402";"CHEF DE TRAVAUX DE DEUXIEME GRADE";"مبرمج  محلل";"CHEF DE TRAVAUX DE DEUXIEME GRADE"
"99090403";"CHEF DE TRAVAUX DE TROISIEME GRADE";"عامل ميكانيكي";"CHEF DE TRAVAUX DE TROISIEME GRADE"
"99100101";"PROF.DE L'ENS.SUP.GRADE C (F_C.NOUV.STATUT)";"اعلأمي مختص";"PROF.DE L'ENS.SUP.GRADE C (F_C.NOUV.STATUT)"
"99100102";"PROF.DE L'ENS.SUP.GRADE B (F_C.NOUV.STATUT)";"تقني الد رجة الاولى";"PROF.DE L'ENS.SUP.GRADE B (F_C.NOUV.STATUT)"
"99100103";"PRO. DE L'ENS.SUP.GRADE A (F_C.NOUV.STATUT)";"مساعد تقني مختص";"PRO. DE L'ENS.SUP.GRADE A (F_C.NOUV.STATUT)"
"99100201";"PROFESSEUR HABILITE GRADE C (F_C.NOUV.STATUT)";"   B   لأستاذ مؤسسات تكوين الأطر الدرجة";"PROFESSEUR HABILITE GRADE C (F_C.NOUV.STATUT)"
"99100202";"PROFESSEUR HABILITE GRADE B (F_C.NOUV.STATUT)";"استاذ لمؤسسات تكوين الأطر";"PROFESSEUR HABILITE GRADE B (F_C.NOUV.STATUT)"
"99100203";"PROFESSEUR HABILITE GRADE A (F_C.NOUV.STATUT)";"B  أستاذ مؤسسات تكوين الأطر الدرجة";"PROFESSEUR HABILITE GRADE A (F_C.NOUV.STATUT)"
"99100301";"PROFESSEUR ASSISTANT GRADE D (F_C.NOUV.STATUT)";" B مساعد بمؤسسات التكوين المهني الدرجة";"PROFESSEUR ASSISTANT GRADE D (F_C.NOUV.STATUT)"
"99100302";"PROFESSEUR ASSISTANT GRADE C (F_C.NOUV.STATUT)";"ملحق بالديوان";"PROFESSEUR ASSISTANT GRADE C (F_C.NOUV.STATUT)"
"99100303";"PROFESSEUR ASSISTANT GRADE B (F_C.NOUV.STATUT)";"رئيس الكتابة الخاصة";"PROFESSEUR ASSISTANT GRADE B (F_C.NOUV.STATUT)"
"99100304";"PROFESSEUR ASSISTANT GRADE A (F_C.NOUV.STATUT)";"مستشار في الشؤون البرلمانية";"PROFESSEUR ASSISTANT GRADE A (F_C.NOUV.STATUT)"
"99110101";"MEDECIN HORS GRADE(NOUV.STATUT)";"كاتب";"MEDECIN HORS GRADE(NOUV.STATUT)"
"99110102";"MEDECIN GRADE EXCEPTIONNEL(NOUV.STATUT)";"عون عمومي الصنف  الثالث";"MEDECIN GRADE EXCEPTIONNEL(NOUV.STATUT)"
"99110103";"MEDECIN GRADE PRINCIPAL(NOUV.STATUT)";" Cأستــاذ التعلــيم العـــالي الدرجـــة";"MEDECIN GRADE PRINCIPAL(NOUV.STATUT)"
"99110104";"MEDECIN PREMIER GRADE(NOUV.STATUT)";"";"MEDECIN PREMIER GRADE(NOUV.STATUT)"
"99110201";"PHARMACIEN HORS GRADE(NOUV.STATUT)";"";"PHARMACIEN HORS GRADE(NOUV.STATUT)"
"99110202";"PHARMACIEN GRADE EXCEPTIONNEL(NOUV.STATUT)";" C   أستــاذ مســـاعــد الدرجـــة";"PHARMACIEN GRADE EXCEPTIONNEL(NOUV.STATUT)"
"99110203";"PHARMACIEN GRADE PRINCIPAL(NOUV.STATUT)";" A أستــاذ مســـاعــد الدرجـــة";"PHARMACIEN GRADE PRINCIPAL(NOUV.STATUT)"
"99110204";"PHARMACIEN PREMIER GRADE(NOUV.STATUT)";"";"PHARMACIEN PREMIER GRADE(NOUV.STATUT)"
"99110301";"CHIRURGIEN DENTISTE HORS GRADE(NOUV.STATUT)";"";"CHIRURGIEN DENTISTE HORS GRADE(NOUV.STATUT)"
"99110302";"CHIRURGIEN DENTISTE GRADE EXCEPTIONNEL(NOUV.STATUT)";"";"CHIRURGIEN DENTISTE GRADE EXCEPTIONNEL(NOUV.STATUT)"
"99110303";"CHIRURGIEN DENTISTE GRADE PRINCIPAL(NOUV.STATUT)";"";"CHIRURGIEN DENTISTE GRADE PRINCIPAL(NOUV.STATUT)"
"99110304";"CHIRURGIEN DENTISTE PREMIER GRADE(NOUV.STATUT)";"";"CHIRURGIEN DENTISTE PREMIER GRADE(NOUV.STATUT)"
"99120101";"MEDECIN VETERINAIRE HORS GRADE";"";"MEDECIN VETERINAIRE HORS GRADE"
"99120102";"MEDECIN VETERINAIRE GRADE EXCEPTIONNEL";"";"MEDECIN VETERINAIRE GRADE EXCEPTIONNEL"
"99120103";"MEDECIN VETERINAIRE GRADE PRINCIPAL";"تقنى من الدرجة   الثالثة";"MEDECIN VETERINAIRE GRADE PRINCIPAL"
"99120104";"MEDECIN VETERINAIRE PREMIER GRADE";"";"MEDECIN VETERINAIRE PREMIER GRADE"
"99130101";"Emploi supérieur d'administrateur général";"منصب سامي لمتصرف عام";"Emploi supérieur d'administrateur général"
"99130201";"ADMINISTRATEUR DE 1ER GRADE";"متصرف من الدرجة الأولى";"ADMINISTRATEUR DE 1ER GRADE"
"99130202";"ADMINISTRATEUR DE 2EME GRADE";"متصرف من الدرجة الثانية";"ADMINISTRATEUR DE 2EME GRADE"
"99130203";"ADMINISTRATEUR DE 3EME GRADE";"متصرف من الدرجة الثالثة";"ADMINISTRATEUR DE 3EME GRADE"
"99140101";"REDACTEUR 1ER GRADE";"محرر من الدرجة الأولى";"REDACTEUR 1ER GRADE"
"99140102";"REDACTEUR 2EME GRADE";"محرر من الدرجة الثانية";"REDACTEUR 2EME GRADE"
"99140103";"REDACTEUR 3EME GRADE";"محرر من الدرجة الثالثة";"REDACTEUR 3EME GRADE"
"99140104";"REDACTEUR 4EME GRADE";"محرر من الدرجة الرابعة";"REDACTEUR 4EME GRADE"
"99150101";"ADJOINT TECHNIQUE 1ER GRADE";"مساعد تقني من الدرجة الأولى";"ADJOINT TECHNIQUE 1ER GRADE"
"99150102";"ADJOINT TECHNIQUE 2EME GRADE";"مساعد تقني من الدرجة الثانية";"ADJOINT TECHNIQUE 2EME GRADE"
"99150103";"ADJOINT TECHNIQUE 3EME GRADE";"مساعد تقني من الدرجة الثالثة";"ADJOINT TECHNIQUE 3EME GRADE"
"99150104";"ADJOINT TECHNIQUE 4EME GRADE";"مساعد تقني من الدرجة الرابعة";"ADJOINT TECHNIQUE 4EME GRADE"
"99160101";"ADJOINT ADMINISTRATIF 1ER GRADE";"مساعد إداري من الدرجة الأولى";"ADJOINT ADMINISTRATIF 1ER GRADE"
"99160102";"ADJOINT ADMINISTRATIF 2EME GRADE";"مساعد إداري من الدرجة الثانية";"ADJOINT ADMINISTRATIF 2EME GRADE"
"99160103";"ADJOINT ADMINISTRATIF 3EME GRADE";"مساعد إداري من الدرجة الثالثة";"ADJOINT ADMINISTRATIF 3EME GRADE"
"99160104";"ADJOINT ADMINISTRATIF 4EME GRADE";"مساعد إداري من الدرجة الرابعة";"ADJOINT ADMINISTRATIF 4EME GRADE"
"99170101";"EMPLOI SUPERIEUR D'INGENIEUR GENERAL (NOUVEAU STATUT)";"منصب سامي لمهندس عام";"EMPLOI SUPERIEUR D'INGENIEUR GENERAL (NOUVEAU STATUT)"
"99170201";"INGENIEUR EN CHEF GRADE PRINCIPAL";"مهندس رئيسي الدرجة الممتازة";"INGENIEUR EN CHEF GRADE PRINCIPAL"
"99170202";"INGENIEUR EN CHEF 1er GRADE";"مهندس رئيسي الدرجة الأولى";"INGENIEUR EN CHEF 1er GRADE"
"99170301";"INGENIEUR D'ETAT GRADE PRINCIPAL (NOUVEAU STATUT)";"مهندس الدولة الدرجة الممتازة";"INGENIEUR D'ETAT GRADE PRINCIPAL (NOUVEAU STATUT)"
"99170302";"INGENIEUR D'ETAT 1ER GRADE (NOUVEAU STATUT)";"مهندس الدولة الدرجة الأولى";"INGENIEUR D'ETAT 1ER GRADE (NOUVEAU STATUT)"
"99170401";"EMPLOI SUPERIEUR D'ARCHITECTE GENERAL (NOUVEAU STATUT)";"منصب سامي لمهندس معماري عام";"EMPLOI SUPERIEUR D'ARCHITECTE GENERAL (NOUVEAU STATUT)"
"99170501";"ARCHITECTE EN CHEF GRADE PRINCIPAL";"مهندس معماري  رئيسي الدرجة الممتازة";"ARCHITECTE EN CHEF GRADE PRINCIPAL"
"99170502";"ARCHITECTE EN CHEF 1er GRADE";"مهندس معماري  رئيسي الدرجة الأولى";"ARCHITECTE EN CHEF 1er GRADE"
"99170601";"ARCHITECTE GRADE PRINCIPAL";"مهندس معماري الدرجة الممتازة";"ARCHITECTE GRADE PRINCIPAL"
"99170602";"ARCHITECTE PREMIER GRADE";"مهندس معماري الدرجة الأولى";"ARCHITECTE PREMIER GRADE"
"99990001";"PREPARAT. ATELIER-LABO. 1ER GRADE";;"PREPARAT. ATELIER-LABO. 1ER GRADE"
"99990002";"PREPARAT. ATELIER-LABO. 2EME GRADE";;"PREPARAT. ATELIER-LABO. 2EME GRADE"
"99990003";"PREPARAT. ATELIER-LABO. 3EME GRADE";;"PREPARAT. ATELIER-LABO. 3EME GRADE"
"99990004";"PREPARAT. ATELIER-LABO. 4EME GRADE";;"PREPARAT. ATELIER-LABO. 4EME GRADE"
"99990005";"DOCUMENTALISTE 2EME GRADE";;"DOCUMENTALISTE 2EME GRADE"
"99990006";"DOCUMENTALISTE 1ER GRADE";;"DOCUMENTALISTE 1ER GRADE"
"99990007";"DOCUMENTALISTE GRADE PRINCIPAL";;"DOCUMENTALISTE GRADE PRINCIPAL"
"99990008";"ECONOME";;"ECONOME"
"99990009";"ECONOME PRINCIPAL";;"ECONOME PRINCIPAL"
"99990010";"INTENDANT";;"INTENDANT"
"99990011";"INSPECTEUR DES SERVICES ECONOMIQUES (NON MEN)";;"INSPECTEUR DES SERVICES ECONOMIQUES (NON MEN)"
"99990012";"INSP. DE SERVICE ECONOM. PPL";;"INSP. DE SERVICE ECONOM. PPL"
"99990013";"CONSERVATEUR MAGASIN 3EME GRADE";;"CONSERVATEUR MAGASIN 3EME GRADE"
"99990014";"CONSERVATEUR MAGASIN 2EME GRADE";;"CONSERVATEUR MAGASIN 2EME GRADE"
"99990015";"CONSERVATEUR MAGASIN 1ER GRADE";;"CONSERVATEUR MAGASIN 1ER GRADE"
"99990016";"SURV. EXTER. ET INTER. 4EME  GRADE";;"SURV. EXTER. ET INTER. 4EME  GRADE"
"99990017";"SURV. EXTER. ET INTER. 3EME  GRADE";;"SURV. EXTER. ET INTER. 3EME  GRADE"
"99990018";"SURV. EXTER. ET INTER. 2EME  GRADE";;"SURV. EXTER. ET INTER. 2EME  GRADE"
"99990019";"SURV. EXTER. ET INTER. 1ER GRADE";;"SURV. EXTER. ET INTER. 1ER GRADE"
"99990020";"ADJOINT DE SERVICE ECONOMIQUE";;"ADJOINT DE SERVICE ECONOMIQUE"
